benzene,cadmium,pollution_index,age,malignancy
7.9,51.21,77.4,54,85.6
28.45,34.42,43.9,71,69.8
22.41,60.24,85.9,31,86.8
29.0,47.68,69.7,54,78.0
18.66,6.17,9.4,55,33.2
0.0,69.19,97.6,46,90.2
33.74,55.75,76.1,84,82.7
17.51,51.03,78.6,54,78.0
22.5,4.8,12.8,50,18.7
0.0,35.95,45.0,55,51.7
0.0,24.31,37.1,31,49.9
14.54,59.21,92.7,46,87.2
23.28,46.85,64.4,67,57.4
20.44,59.45,82.3,47,86.5
48.32,24.92,44.3,45,62.5
13.82,16.82,22.7,71,31.6
26.41,41.76,55.5,71,72.1
30.89,5.96,6.4,61,34.2
0.0,60.46,82.8,50,68.1
25.87,38.6,63.2,52,66.8
10.84,54.39,75.8,45,72.7
26.7,23.61,35.5,43,47.2
2.29,66.02,97.1,42,75.0
47.27,66.0,89.3,48,99.9
46.99,60.4,77.8,43,95.4
5.23,20.8,19.5,36,24.3
29.86,37.93,46.7,58,51.8
38.07,2.63,4.4,58,41.4
11.9,12.21,15.4,75,11.0
39.85,50.88,68.3,47,79.2
32.89,52.62,74.5,59,80.0
43.32,68.25,96.8,59,100.0
48.55,26.1,32.6,52,64.8
0.0,25.7,37.0,64,46.6
31.45,29.95,47.0,64,58.5
26.99,11.61,18.9,59,43.6
13.52,11.63,13.0,52,28.2
16.03,33.31,47.6,51,42.1
50.42,17.24,22.7,39,66.4
0.0,49.57,67.0,45,49.2
20.84,29.1,43.7,48,56.4
42.97,61.31,83.3,42,97.5
22.54,50.53,70.0,60,77.4
24.88,16.93,31.2,69,45.1
54.44,64.03,83.2,44,100.0
26.31,54.33,80.5,58,74.2
13.06,20.5,38.7,43,44.5
2.35,16.0,28.8,51,28.6
56.83,43.69,68.2,47,86.9
11.35,9.99,14.0,62,30.4
22.14,12.9,20.0,47,43.9
0.0,0.0,0.7,67,9.4
30.51,57.56,78.7,52,91.0
49.78,47.9,66.5,47,86.8
23.78,50.63,70.5,40,68.2
53.55,56.29,78.1,58,96.5
15.69,34.59,45.9,66,52.0
33.09,31.38,56.9,58,66.3
36.79,8.33,14.0,82,46.4
21.35,0.0,11.5,72,33.7
12.12,46.93,66.8,51,55.3
34.88,32.96,47.1,51,52.6
23.74,43.75,56.5,61,69.0
25.45,58.3,76.5,45,74.7
51.78,45.24,63.5,69,89.6
18.76,36.75,55.4,59,67.7
13.66,41.09,55.9,58,50.9
0.0,19.16,30.4,63,23.7
20.07,2.15,3.1,76,37.1
13.96,34.51,43.7,57,53.1
31.73,12.79,21.5,54,40.5
6.54,31.82,40.9,73,39.5
37.97,62.45,85.3,67,92.5
14.69,12.56,23.4,51,26.9
9.58,7.98,5.8,55,25.8
12.54,22.49,28.1,57,32.8
41.84,20.96,29.4,59,63.1
24.93,43.28,66.2,39,68.9
15.02,35.56,55.7,36,50.9
41.95,52.72,78.4,44,87.8
28.65,48.67,66.4,43,56.1
13.63,24.62,40.6,47,46.4
39.57,58.73,81.4,63,92.4
13.77,6.72,16.7,53,35.7
3.04,0.77,2.3,57,0.4
24.33,6.74,9.0,40,36.8
8.48,60.35,72.2,49,74.0
7.01,26.82,46.2,62,58.0
38.78,17.18,16.1,62,43.8
10.9,35.67,50.1,46,59.8
42.29,12.31,15.2,57,34.6
47.4,49.22,69.6,81,95.9
29.94,33.01,44.6,55,54.5
32.18,26.06,38.1,47,43.9
35.39,26.92,30.2,53,44.0
54.68,42.29,63.0,56,87.5
16.6,29.86,36.2,53,40.3
4.58,3.56,8.8,55,21.7
23.99,8.02,11.8,38,17.7
27.47,63.04,96.2,43,81.2
7.4,65.42,90.9,53,91.6
32.6,54.76,70.0,53,86.5
2.8,18.3,26.6,48,23.5
49.94,67.05,96.9,53,100.0
18.92,50.05,77.9,56,86.0
5.96,49.27,71.7,66,71.0
1.68,25.08,44.9,54,45.5
8.4,15.41,27.2,60,43.2
13.39,7.65,9.6,49,18.8
0.0,68.46,90.3,62,78.6
9.41,43.14,45.6,60,49.7
7.88,11.82,20.2,65,28.6
17.03,27.16,30.6,64,40.4
16.57,41.52,57.9,62,63.8
15.69,11.77,17.7,54,32.0
21.11,61.69,85.7,58,78.8
5.28,53.34,75.9,68,76.7
11.15,50.8,71.9,47,62.5
10.79,28.61,43.2,47,46.1
36.67,38.32,62.7,57,75.4
49.56,34.71,58.4,60,84.1
47.45,48.1,65.0,45,69.0
26.95,4.8,8.4,54,37.3
34.9,26.72,41.6,54,55.5
12.35,2.95,4.2,28,25.8
42.13,37.76,49.4,52,66.6
39.07,23.81,33.0,53,55.7
35.93,7.49,14.5,53,53.8
47.86,12.14,10.3,72,43.8
26.79,47.45,58.8,40,76.0
34.92,13.92,17.1,45,41.3
40.28,68.65,92.5,25,100.0
8.52,45.64,58.1,49,58.2
41.43,28.8,34.7,50,64.3
8.91,43.82,59.1,49,53.8
47.85,3.99,2.3,68,32.5
34.07,69.18,95.9,65,97.2
5.58,29.37,48.2,56,50.0
30.72,57.59,78.3,51,83.6
0.0,0.37,8.3,67,22.4
41.47,30.89,48.7,55,78.4
35.31,39.56,49.1,45,58.4
26.5,69.01,93.8,34,87.7
43.46,45.97,57.2,50,66.2
8.77,32.06,47.3,64,65.5
18.75,14.08,26.7,82,45.2
18.05,22.25,33.2,56,48.2
5.87,36.86,52.1,46,42.0
19.27,31.04,43.9,41,52.1
20.57,6.05,2.2,62,27.2
15.1,56.4,82.6,34,76.4
26.57,64.14,89.6,62,100.0
41.34,5.86,14.0,65,60.4
21.57,40.58,55.4,60,57.3
47.05,7.61,10.9,52,36.6
17.23,44.06,67.2,62,64.4
14.3,18.74,28.1,57,50.4
28.25,45.42,65.9,46,81.4
25.1,49.81,72.7,77,79.6
12.59,60.89,76.9,51,74.4
25.31,7.15,10.8,64,27.2
10.62,63.15,91.6,26,87.9
18.12,7.73,23.0,70,36.1
23.12,0.0,3.7,73,25.5
17.42,37.79,55.5,55,65.5
42.14,23.22,37.1,62,60.3
17.7,63.61,83.0,62,81.0
54.95,55.92,80.8,47,100.0
42.35,27.35,31.7,62,63.3
49.53,66.95,95.3,45,100.0
44.9,20.51,29.1,48,59.9
4.44,35.7,51.5,69,58.0
25.71,17.93,25.6,67,43.1
5.2,72.4,93.6,47,77.3
35.92,2.24,16.5,46,45.8
30.54,0.0,4.5,47,30.6
13.91,28.28,43.5,64,41.2
49.23,69.52,99.2,43,100.0
7.94,65.18,89.2,59,81.1
29.16,54.29,74.9,64,79.5
38.28,60.82,89.1,54,100.0
2.77,66.62,89.3,67,83.1
31.54,40.44,51.9,51,75.5
37.89,22.85,31.6,52,56.1
4.86,57.89,77.2,43,70.0
28.29,47.41,66.2,67,69.8
10.25,23.91,37.4,46,42.8
33.35,9.4,9.4,59,35.9
3.44,52.72,74.7,54,58.2
44.75,18.38,26.2,42,49.3
40.24,71.47,93.7,48,99.4
14.36,7.06,24.1,72,40.5
20.43,2.92,12.3,57,33.9
31.53,53.43,83.1,43,84.4
43.79,9.28,15.3,59,49.2
21.38,11.53,17.9,53,33.8
19.94,35.93,59.9,90,49.3
4.3,57.28,87.5,58,74.9
51.01,10.31,19.6,50,59.9
21.18,31.55,31.0,72,34.9
45.12,61.63,77.7,33,91.7
27.46,66.38,97.2,56,100.0
45.66,33.6,50.1,79,69.7
11.49,5.48,14.4,54,27.0
6.66,0.0,1.4,34,3.5
47.56,15.61,23.0,50,64.3
43.74,5.24,13.2,72,45.1
17.41,47.1,67.8,60,71.2
17.22,2.13,12.2,45,37.1
20.19,32.4,50.6,47,62.9
17.7,49.19,69.4,48,65.0
20.19,42.14,58.1,59,60.6
43.86,15.65,20.0,71,54.2
6.84,51.01,80.4,68,71.0
32.47,53.5,71.5,60,67.2
3.15,48.53,73.9,39,65.2
4.12,11.71,13.1,39,10.1
34.91,8.62,12.4,61,50.4
19.66,59.42,92.8,39,90.0
30.19,26.57,39.8,52,49.8
6.06,22.53,30.1,59,31.4
43.99,36.65,48.9,41,56.2
34.95,45.84,66.3,43,70.0
40.14,73.02,95.6,54,100.0
2.07,24.08,28.6,61,48.8
20.26,63.71,92.5,68,96.9
21.17,4.74,2.5,62,23.6
30.77,46.6,55.5,56,65.6
15.0,52.22,63.4,46,58.2
6.14,2.5,10.6,42,34.5
11.4,6.12,14.0,49,24.9
16.18,35.28,41.9,60,65.6
20.0,63.4,96.6,59,100.0
12.36,36.43,59.6,30,46.8
14.61,63.37,93.3,46,82.4
27.4,57.99,80.4,69,82.2
13.42,32.31,46.7,56,52.0
14.42,52.33,78.5,38,74.7
28.95,0.0,1.8,83,51.1
41.35,4.79,10.9,55,33.4
13.47,54.54,82.9,60,81.7
25.45,64.9,79.7,60,88.6
45.42,17.47,23.3,51,52.0
24.67,40.7,53.1,46,63.3
40.04,40.46,60.6,80,72.7
34.0,60.0,86.8,67,95.7
0.0,39.36,60.3,65,59.8
21.8,18.27,41.3,62,55.9
30.19,20.68,37.4,43,57.5
48.87,22.57,42.6,70,80.2
27.15,36.64,65.2,45,79.4
0.0,55.94,86.7,58,75.9
27.27,37.07,45.4,35,48.9
10.43,17.17,24.8,31,27.7
35.9,21.73,23.7,59,46.3
23.09,53.86,74.6,45,79.4
40.83,60.29,81.7,31,88.0
42.24,3.77,10.5,61,35.2
35.87,6.75,6.7,80,28.9
32.34,44.53,59.4,72,62.5
36.36,7.93,14.6,52,39.0
44.04,59.96,82.5,55,85.8
44.73,23.99,31.0,66,51.9
5.91,7.87,14.4,68,22.6
25.62,59.98,92.1,51,83.4
10.98,6.85,16.6,55,31.2
42.77,20.28,28.5,59,60.4
35.24,12.06,15.4,62,37.7
16.91,4.91,11.5,53,24.7
13.47,1.59,2.1,54,22.6
18.82,6.16,5.5,72,21.2
29.92,14.7,17.5,70,35.5
15.05,9.94,5.3,61,31.2
13.62,46.49,59.1,76,70.1
48.41,43.64,68.1,50,91.4
43.92,34.29,39.4,74,72.1
10.33,20.14,31.8,62,26.3
7.97,39.5,50.5,90,65.2
41.23,61.52,87.5,41,99.6
36.43,57.93,85.1,47,100.0
28.16,0.0,4.3,60,32.0
11.72,12.02,18.1,60,30.9
14.71,10.33,23.7,78,36.3
4.44,21.33,24.9,47,32.9
30.61,46.05,57.1,66,68.6
0.36,25.95,41.6,69,48.9
6.28,4.66,4.9,63,6.9
32.17,23.25,37.4,43,50.8
50.92,34.15,52.4,72,93.3
35.89,10.22,10.2,70,34.5
25.77,58.19,83.3,62,85.7
28.69,10.6,5.2,57,23.7
24.77,62.81,92.5,58,95.6
19.87,10.94,9.9,54,23.1
21.48,59.44,84.4,63,84.6
26.01,66.37,90.3,55,98.0
26.5,66.78,98.0,45,92.1
45.94,55.94,80.2,42,99.7
50.78,54.1,77.9,46,100.0
5.88,41.63,64.2,58,69.1
20.58,57.18,77.9,55,80.7
5.66,12.02,13.5,58,46.2
12.21,39.9,53.6,61,64.9
17.86,42.14,51.4,47,59.9
9.47,65.83,85.8,73,75.2
42.8,30.9,46.3,52,67.3
24.64,28.45,38.5,50,61.9
40.34,42.28,64.0,61,92.7
5.49,18.75,26.6,33,41.2
1.87,7.38,14.0,46,26.1
21.53,39.93,47.8,67,50.1
1.42,30.64,41.7,34,43.4
19.71,15.41,23.3,68,30.9
45.8,30.5,36.8,73,54.2
9.1,16.97,36.6,51,43.7
10.34,14.87,32.7,59,44.3
24.31,29.75,37.9,68,59.5
26.22,48.24,68.6,49,78.8
35.47,21.78,29.7,65,56.5
16.87,61.11,94.9,47,82.7
42.92,64.05,91.6,49,100.0
0.0,41.68,48.1,45,34.6
21.26,26.28,32.8,59,32.7
33.24,38.16,53.5,69,75.0
40.14,57.64,84.9,53,90.2
22.8,44.1,65.3,40,76.1
27.08,47.79,80.4,42,91.7
2.75,38.32,53.3,60,47.6
7.01,47.69,63.3,77,67.7
0.0,13.87,28.8,60,27.5
31.87,48.8,73.5,50,69.3
18.25,9.54,20.2,64,37.0
27.75,44.77,69.5,52,73.8
0.25,60.46,86.1,50,71.2
41.53,0.91,13.2,43,55.4
48.75,45.46,61.4,72,73.9
7.52,9.67,9.5,25,20.9
0.0,49.8,72.6,65,58.4
8.03,0.0,8.4,49,26.6
39.72,61.53,93.6,50,100.0
15.77,14.55,13.7,75,33.7
21.98,56.01,95.9,46,86.5
25.61,54.67,80.1,47,78.0
38.15,36.84,59.4,53,81.8
20.33,58.0,78.3,60,92.8
24.16,52.96,79.5,50,85.8
50.56,67.84,94.6,36,100.0
5.53,20.0,25.3,45,33.4
43.75,48.65,59.0,70,96.8
0.26,5.84,9.5,56,18.1
26.36,44.64,61.6,60,81.5
46.09,6.05,17.1,52,42.7
33.02,44.31,56.5,47,69.4
32.5,37.03,57.2,75,77.2
13.77,30.38,46.6,53,55.1
23.13,36.5,52.3,50,56.0
26.58,47.22,76.4,68,77.6
29.83,56.86,79.9,46,92.4
27.02,38.32,49.2,48,69.4
28.7,43.14,60.0,55,81.4
17.34,58.83,93.1,55,100.0
14.48,7.89,12.0,58,28.2
21.07,11.17,11.7,80,30.7
3.46,0.0,8.8,59,28.3
41.83,41.75,65.8,26,84.5
28.08,32.81,41.9,59,50.4
9.28,55.28,77.4,55,66.0
34.0,48.63,67.1,56,82.5
42.94,30.79,33.4,58,57.7
16.23,64.76,89.8,55,86.1
10.98,56.01,76.3,54,80.7
0.0,29.78,27.1,62,36.3
0.0,24.64,36.4,48,46.0
42.65,18.82,31.4,44,42.4
52.45,12.74,15.8,90,55.9
0.0,12.1,14.8,46,25.1
36.15,63.42,93.6,56,89.5
4.26,26.52,43.8,37,38.8
32.72,36.07,38.3,56,51.0
41.44,52.39,73.0,44,86.6
19.1,35.78,55.3,50,72.8
2.89,69.19,93.6,68,97.2
30.02,54.18,78.0,61,79.9
46.87,32.54,47.9,62,76.1
11.84,28.59,37.6,34,46.5
9.55,63.9,98.7,77,94.2
6.06,51.65,71.8,41,68.5
20.22,74.24,95.1,73,96.4
28.23,10.16,11.8,67,47.5
39.84,58.03,85.1,62,100.0
36.53,42.57,63.7,45,69.4
43.64,6.89,12.2,57,48.9
42.24,40.16,58.8,49,83.0
8.05,46.52,68.6,55,68.1
21.28,4.53,1.2,52,30.2
13.48,24.87,45.4,31,50.4
19.55,61.23,82.5,68,85.4
53.35,19.16,29.5,54,62.2
37.22,33.61,45.9,49,50.2
42.86,26.45,44.2,48,65.5
19.92,26.45,30.2,59,39.4
27.9,69.27,91.8,44,84.8
25.07,58.53,78.1,28,89.7
7.52,1.68,11.1,60,26.4
8.17,73.11,99.7,61,89.7
26.64,63.16,87.9,53,86.4
5.05,13.45,28.4,41,34.8
49.88,58.49,83.7,56,100.0
2.97,8.91,10.6,37,12.1
8.52,72.16,99.9,43,88.4
27.45,47.31,66.6,46,80.2
2.36,46.67,65.0,65,47.5
42.92,12.23,9.0,51,39.5
32.21,67.7,89.7,50,91.4
4.09,0.0,2.9,78,15.8
34.37,15.59,24.1,59,43.9
22.54,9.35,14.3,59,34.5
38.73,47.37,77.7,51,100.0
37.7,14.25,19.8,48,42.6
37.86,68.74,91.1,29,98.5
24.18,41.59,65.6,67,87.6
16.24,3.88,3.6,60,18.3
33.73,0.0,0.5,53,41.4
49.06,0.93,5.2,53,40.7
29.87,48.32,60.6,64,85.2
32.2,53.93,80.1,36,91.2
15.71,18.55,23.9,48,38.0
31.9,51.97,84.9,41,89.4
47.55,11.46,5.7,76,38.2
7.99,58.48,80.1,66,76.0
7.69,64.22,92.8,29,87.5
29.47,56.35,77.2,37,82.2
22.95,43.23,69.8,53,72.6
24.72,63.39,83.8,49,84.1
1.34,1.51,4.0,39,19.1
21.12,13.31,20.2,78,47.7
30.45,6.78,12.5,59,31.8
36.77,32.99,50.5,61,64.0
30.19,54.94,74.5,47,84.3
35.72,45.12,63.0,64,88.5
33.78,62.19,85.1,50,100.0
39.42,10.83,15.5,52,34.2
29.24,53.48,73.5,62,80.1
20.68,11.84,19.3,35,27.4
28.27,27.87,27.1,74,45.9
0.76,43.42,71.0,57,75.1
6.75,73.66,98.0,70,78.8
23.19,48.28,61.2,42,56.0
39.46,0.41,5.5,44,28.9
36.29,52.06,61.6,41,76.8
6.92,6.95,4.2,58,21.6
26.0,65.77,88.4,56,93.8
10.05,49.78,71.0,49,76.4
29.27,11.25,17.3,43,25.5
39.39,5.58,9.2,40,45.3
31.27,14.41,18.4,54,38.7
32.87,74.21,98.0,49,100.0
14.08,32.82,45.9,47,42.0
26.52,51.24,78.4,74,85.3
37.14,47.85,63.6,54,79.7
31.18,43.75,57.2,70,79.7
28.83,12.78,14.5,49,25.0
25.1,69.2,94.6,58,95.3
4.49,20.01,30.1,54,27.4
6.99,36.75,57.8,35,58.7
0.87,45.51,70.0,72,70.1
10.58,38.9,64.9,53,73.4
47.72,66.79,94.1,64,100.0
23.83,10.06,14.8,46,39.8
7.32,33.82,50.8,53,61.5
5.55,16.46,40.4,45,30.8
17.38,28.2,47.4,70,60.9
44.56,12.83,11.9,59,50.5
19.71,6.73,13.4,59,29.5
43.54,20.91,27.8,71,48.0
40.17,15.77,30.5,69,62.9
5.08,35.71,42.8,64,37.4
34.69,42.19,61.1,38,71.9
44.04,45.58,63.5,47,80.7
31.36,38.13,41.2,43,61.9
4.05,34.68,40.9,64,39.4
47.69,14.01,21.8,57,48.0
46.28,38.81,58.8,38,78.6
33.62,20.89,31.7,53,59.1
30.78,4.56,3.6,37,43.9
4.17,28.87,41.8,54,33.1
46.59,31.61,47.4,35,71.4
23.57,21.66,22.6,61,32.9
2.12,39.62,57.2,60,61.7
29.03,48.8,56.6,78,64.1
49.63,49.5,70.2,65,86.2
38.85,52.5,64.8,50,75.3
14.26,47.1,65.2,65,67.2
1.53,25.99,31.6,38,35.1
54.72,52.22,78.7,43,100.0
54.78,35.03,54.9,59,81.7
26.81,32.04,43.1,29,45.2
32.37,47.78,62.6,55,79.8
21.64,25.41,36.1,43,47.4
25.41,30.75,51.3,56,70.7
4.66,46.13,73.7,42,61.6
3.15,56.34,88.6,60,67.5
15.55,57.4,92.1,55,87.4
39.68,35.69,50.4,72,80.3
7.14,40.92,52.0,55,54.1
5.01,55.94,80.0,46,70.4
30.25,12.97,31.4,52,43.8
18.52,57.85,83.7,39,93.7
11.05,33.94,49.4,60,46.4
34.01,16.49,11.6,62,33.0
15.02,0.0,7.2,85,30.6
32.25,57.38,84.2,48,77.2
41.84,10.71,5.6,52,45.8
6.64,21.44,28.1,48,38.4
48.76,25.64,33.4,58,68.4
45.53,12.57,17.3,60,52.4
35.8,23.29,31.4,54,52.0
26.3,55.1,74.3,68,74.0
25.48,0.0,1.5,48,23.4
33.93,61.41,82.7,67,85.1
42.78,54.47,85.7,61,100.0
6.27,27.37,37.2,55,47.0
40.32,11.47,15.4,51,53.7
34.96,39.59,60.1,84,79.8
42.82,8.29,12.0,45,48.0
12.68,23.05,36.5,59,42.6
0.0,62.8,95.8,46,77.6
29.87,68.27,99.5,76,100.0
27.56,49.63,77.2,66,81.4
16.61,23.06,31.1,47,43.5
19.43,43.54,68.8,61,65.4
3.94,52.23,70.5,58,59.2
25.49,22.42,38.8,49,56.9
23.32,42.6,64.1,64,78.0
48.57,0.0,1.1,60,31.1
6.65,19.93,20.9,58,34.3
19.54,38.08,52.5,54,56.3
18.6,10.62,16.4,60,33.1
32.41,13.61,16.6,58,50.5
28.46,50.11,83.6,56,94.1
36.51,69.07,98.9,47,100.0
50.43,46.91,55.6,75,94.8
15.32,59.26,83.9,42,75.2
35.0,69.59,99.0,60,97.1
0.3,12.1,14.2,51,15.3
8.27,34.96,44.8,76,48.5
19.36,19.49,39.3,44,32.5
0.42,0.0,8.0,46,13.9
31.85,53.71,75.5,43,79.2
39.68,27.51,43.4,59,70.2
37.17,38.1,46.9,39,66.5
29.84,9.29,15.1,49,32.9
34.51,4.93,18.1,29,44.1
18.88,58.43,90.7,58,93.8
4.44,0.0,4.5,49,9.8
4.02,15.36,23.3,37,24.4
38.04,19.69,29.2,68,38.6
52.32,32.62,49.0,39,66.3
0.0,45.37,58.6,65,49.7
28.53,39.32,49.3,47,62.4
44.14,5.21,8.4,74,35.9
40.61,8.52,24.4,64,47.9
29.05,61.52,84.4,43,79.5
33.18,46.85,63.8,44,76.2
30.69,46.68,64.9,62,79.3
44.99,50.84,67.0,52,87.5
0.54,48.74,76.3,53,67.4
43.81,12.1,5.8,70,29.2
5.6,21.82,36.7,46,35.3
43.24,40.76,54.0,56,71.5
2.62,16.94,33.8,66,35.1
11.52,55.39,84.4,65,81.2
0.0,39.85,48.3,53,56.0
22.31,52.76,76.9,52,85.3
19.35,63.0,85.2,34,75.5
5.39,36.28,50.5,42,54.3
22.72,63.25,91.0,59,95.6
18.87,46.55,58.7,53,58.6
32.04,58.57,85.0,56,97.4
40.97,16.72,34.1,67,58.2
38.9,31.7,49.9,41,57.5
7.76,39.4,53.1,52,57.0
9.48,8.93,10.5,57,24.8
39.5,21.63,39.9,47,59.2
3.99,61.32,91.7,72,82.4
26.59,41.83,63.1,66,68.0
46.38,10.96,17.8,58,53.4
52.76,18.22,33.9,77,66.3
21.97,10.9,19.2,37,35.8
35.25,0.0,2.5,55,33.7
17.49,68.01,92.7,59,81.5
41.42,34.61,44.8,44,59.0
0.24,20.94,30.8,59,18.1
10.66,40.33,59.8,42,63.4
27.45,1.07,0.7,63,18.0
12.34,16.2,27.8,68,39.8
34.71,44.63,70.3,58,84.7
16.95,40.6,63.4,33,68.8
45.95,66.19,98.2,43,99.3
39.9,38.77,62.0,62,78.7
22.05,34.07,47.8,55,69.7
45.07,56.22,76.1,25,100.0
17.75,56.88,90.3,70,95.9
21.67,50.55,72.1,57,78.5
12.15,66.55,96.3,45,80.9
40.07,56.11,78.2,67,96.9
36.41,60.62,86.7,47,93.1
49.24,2.17,11.4,47,48.7
37.06,46.22,73.2,59,81.3
51.69,30.92,44.0,76,72.4
10.41,42.83,55.3,74,60.3
45.75,36.93,65.4,59,86.4
30.2,69.27,97.0,61,100.0
23.45,73.68,98.5,64,93.6
24.71,19.56,28.8,40,34.3
20.0,53.56,73.4,63,88.2
14.88,49.69,75.0,46,91.0
7.04,23.78,34.6,59,43.4
3.44,2.19,12.4,52,11.6
30.35,0.0,4.1,61,25.0
51.09,58.19,77.7,56,100.0
34.38,30.34,49.0,25,72.0
21.29,67.17,98.6,57,87.3
23.39,27.0,46.5,63,57.6
26.62,62.81,97.8,60,99.9
13.37,28.11,41.2,54,54.1
44.29,52.64,79.4,75,93.4
11.37,7.45,8.5,59,12.0
35.54,40.69,55.5,60,76.1
35.57,57.43,80.2,68,98.8
21.15,65.68,92.5,59,90.8
44.5,63.89,82.3,44,97.9
15.3,0.0,3.7,26,14.9
46.31,25.87,37.3,49,56.9
31.12,7.94,4.9,64,38.9
42.52,12.71,10.9,51,43.9
41.45,41.58,67.5,65,87.8
42.63,48.68,71.3,57,97.6
49.41,59.59,77.4,70,89.4
22.24,62.61,86.5,51,82.9
48.83,52.54,73.9,61,94.0
33.13,55.19,80.1,61,84.9
23.46,1.89,4.9,73,33.9
43.15,17.57,23.5,35,48.0
17.53,42.52,62.2,49,58.8
28.07,59.9,85.8,65,91.3
10.69,0.63,0.5,74,19.3
18.49,33.31,51.5,58,65.6
43.83,49.54,67.7,51,87.3
18.32,13.73,3.0,64,26.4
29.68,20.99,40.1,65,59.7
10.59,63.99,89.6,51,81.2
22.3,43.97,67.2,59,68.0
33.19,18.95,23.8,69,49.5
50.34,59.88,85.3,78,100.0
7.38,27.41,34.8,64,52.9
38.41,64.44,85.3,56,100.0
17.81,21.7,29.9,54,46.6
36.55,45.85,59.0,62,77.7
22.64,18.41,39.7,54,51.5
23.16,25.6,27.5,57,34.7
17.0,63.56,88.7,42,83.1
34.97,17.44,18.8,71,45.6
28.2,1.06,8.5,41,32.1
23.45,20.61,34.2,50,51.3
43.47,50.82,71.8,56,94.3
34.22,56.45,80.7,79,86.9
14.75,71.04,99.9,50,87.7
38.18,25.08,29.6,47,62.6
35.27,21.5,40.8,48,64.7
11.12,13.47,13.7,75,25.6
33.9,40.27,57.5,25,68.0
11.46,69.02,99.8,43,89.2
38.35,43.18,70.1,88,87.2
10.88,43.68,59.5,62,64.6
34.88,17.81,39.2,42,75.0
10.25,66.66,91.5,54,85.6
22.02,28.82,49.7,56,64.1
51.64,9.62,13.4,65,37.7
18.81,25.1,36.5,77,46.6
51.88,9.38,6.7,60,52.6
49.53,13.42,20.2,49,54.6
40.04,0.0,1.8,64,3.6
13.2,29.7,45.3,47,55.1
43.51,49.51,63.5,43,93.7
4.51,26.18,34.3,34,22.1
24.43,27.88,42.0,36,63.7
40.93,66.2,95.9,44,84.0
33.93,46.37,75.2,41,90.2
25.95,39.41,54.1,59,65.2
14.23,12.88,28.5,41,21.3
39.56,65.8,89.7,25,99.2
40.82,16.97,23.5,42,56.9
24.37,32.32,32.5,49,49.8
39.24,59.23,90.9,48,100.0
5.27,36.66,53.0,73,51.6
15.18,59.16,74.2,48,60.3
31.78,46.12,59.1,66,77.7
46.01,42.96,65.3,55,96.5
11.27,21.85,29.9,54,46.5
6.57,16.9,24.1,45,16.8
12.67,23.7,32.2,54,30.5
41.46,8.09,15.5,46,37.6
16.79,60.84,87.4,57,73.9
25.37,13.44,28.3,52,45.2
55.26,39.84,56.1,44,84.1
1.63,57.24,79.2,67,61.5
31.24,53.96,78.4,60,91.9
28.49,24.23,43.8,50,62.2
42.87,37.29,47.6,57,65.6
19.16,71.09,99.5,54,93.8
19.59,44.32,67.5,45,56.7
16.06,55.9,81.5,56,77.7
33.41,57.18,90.3,48,95.4
39.25,51.03,78.8,44,90.7
6.89,10.81,18.5,36,28.4
21.28,44.27,56.2,51,65.1
42.93,4.57,10.2,62,40.1
1.39,48.27,65.3,47,60.9
14.26,64.72,95.5,85,99.5
21.42,36.88,51.3,66,60.6
16.74,29.74,43.3,71,55.5
9.2,6.0,3.6,65,17.4
16.06,65.04,96.0,77,88.5
9.62,0.92,10.3,46,25.7
28.43,0.0,4.1,25,21.8
37.44,15.1,24.6,50,51.2
31.03,0.0,6.6,62,32.9
0.0,33.5,45.5,57,42.2
36.78,34.26,51.6,58,67.0
16.64,31.38,31.3,71,40.6
34.05,0.0,5.1,60,21.5
20.47,8.63,11.2,65,33.3
36.39,22.4,38.5,44,59.3
10.63,2.26,6.1,42,25.0
6.8,49.44,69.8,74,64.3
27.1,5.19,20.7,56,53.8
2.19,22.09,30.2,48,30.5
9.47,35.2,39.4,48,37.9
32.0,27.35,41.7,47,51.1
42.94,1.16,0.2,46,20.8
0.0,11.94,11.2,40,27.6
45.81,59.74,86.3,37,100.0
50.38,0.0,0.1,53,41.8
48.88,26.47,50.8,48,68.0
37.79,36.83,49.0,68,81.5
33.37,22.86,33.3,59,51.2
18.5,26.14,43.1,58,51.0
27.35,55.15,78.1,46,92.8
51.09,56.55,84.1,54,100.0
1.87,16.11,26.0,59,46.4
12.99,25.0,32.2,64,43.9
2.96,11.62,24.2,54,26.9
42.99,37.78,48.0,68,66.6
17.36,42.24,68.3,55,57.9
33.57,13.33,22.8,65,44.6
38.49,30.84,33.1,49,63.4
46.59,69.64,93.0,33,100.0
4.96,3.79,4.9,58,16.8
42.07,28.49,46.1,64,61.6
43.44,47.69,71.2,62,89.5
1.73,10.82,15.0,60,29.8
40.09,3.47,4.7,51,38.2
17.17,9.31,13.8,45,30.0
31.32,64.19,91.9,62,91.2
27.58,0.0,0.9,60,32.4
15.66,7.41,18.8,48,10.1
6.17,0.12,3.1,68,19.8
6.17,11.4,11.1,44,38.6
2.04,37.94,62.0,48,46.4
28.45,16.16,24.2,75,44.0
20.65,36.57,56.9,65,65.0
12.61,41.76,59.0,51,57.5
36.42,57.91,84.9,58,100.0
35.47,6.24,0.5,57,33.4
27.14,61.76,85.3,25,87.0
49.53,38.09,61.9,44,88.2
23.01,14.08,16.3,54,34.9
45.44,51.01,77.3,51,100.0
3.35,57.58,85.5,58,77.4
42.54,19.05,25.4,69,55.2
50.34,62.35,91.9,51,94.2
44.86,35.38,45.4,42,63.7
30.11,39.14,60.3,59,80.2
32.33,66.45,98.5,51,91.9
14.72,22.68,36.2,53,29.9
36.78,54.66,81.3,51,91.1
49.9,26.68,31.8,82,73.6
48.41,58.46,79.9,28,94.2
24.91,48.89,60.1,50,65.9
1.28,24.22,21.6,55,13.9
27.84,24.86,41.4,46,58.6
12.13,22.52,31.8,66,46.2
9.55,0.76,7.8,65,9.6
14.54,0.0,3.0,54,28.1
30.2,21.73,34.6,52,57.6
6.16,0.0,1.9,54,22.6
1.45,7.38,16.5,54,27.2
4.78,50.19,72.5,54,71.5
54.86,44.7,70.8,53,96.7
33.21,55.07,73.9,58,90.0
0.0,18.53,31.7,64,22.0
5.01,73.54,89.0,40,67.5
25.03,39.76,59.4,42,61.9
19.32,9.11,12.6,34,27.1
28.71,4.88,14.4,65,40.3
19.2,55.34,69.3,58,75.1
45.45,16.58,17.3,61,56.4
17.42,36.7,50.7,38,64.0
33.05,64.04,99.2,76,98.6
0.72,1.12,0.4,48,11.6
47.0,0.0,1.7,57,31.4
43.95,75.37,99.3,65,100.0
38.54,44.16,58.5,43,76.1
16.11,9.27,12.7,48,3.9
9.22,53.07,89.7,57,99.5
43.66,57.69,88.0,89,100.0
38.03,40.29,53.6,59,67.3
13.46,48.38,62.2,74,79.5
22.3,23.56,27.3,69,41.8
27.82,0.0,5.1,59,30.5
45.02,42.83,59.5,43,74.8
35.98,24.69,29.5,68,64.7
35.87,39.82,66.4,37,77.0
35.49,58.51,83.6,74,95.2
11.77,2.37,1.8,57,26.5
13.21,40.5,59.6,25,63.0
3.96,8.78,23.1,51,28.7
41.53,59.87,87.4,63,100.0
26.01,16.45,25.4,52,60.8
18.17,42.16,61.1,64,68.9
8.64,36.49,55.4,45,56.1
12.31,25.96,39.6,39,46.1
29.11,47.27,67.8,54,85.9
4.08,52.57,72.6,55,62.5
4.71,38.47,56.7,51,52.7
30.97,51.45,75.8,70,74.6
15.04,69.21,98.3,45,82.7
24.42,21.67,41.9,59,51.6
28.87,37.93,51.5,56,64.2
35.89,0.87,1.2,36,41.2
14.72,55.88,79.6,39,80.0
38.07,40.26,52.0,55,63.6
54.1,20.75,40.8,79,67.6
31.07,0.0,9.4,62,44.5
19.68,63.37,89.0,34,93.4
43.58,27.62,39.5,25,60.8
21.4,48.46,68.3,64,70.7
23.61,8.61,14.9,54,41.9
20.36,69.97,96.2,69,87.7
15.2,16.22,17.8,44,33.4
0.0,15.9,20.0,59,41.3
16.52,59.09,85.9,65,86.0
9.55,55.45,91.3,50,77.7
20.32,17.93,21.2,50,39.4
26.57,37.77,47.0,55,56.6
43.54,53.92,73.3,62,79.9
0.93,57.97,87.8,55,81.3
32.28,29.23,37.9,67,65.2
26.82,39.63,51.7,49,60.8
0.0,58.16,74.2,39,61.4
9.15,47.68,73.1,79,65.5
6.56,53.9,78.3,48,70.6
10.44,42.88,57.0,48,53.9
15.34,7.55,10.5,54,19.1
21.14,58.81,90.4,56,100.0
25.23,62.25,86.6,50,91.6
0.0,58.18,79.8,55,73.8
7.11,7.34,10.0,55,27.5
9.27,15.19,20.4,57,36.0
24.56,51.02,74.4,27,73.6
16.2,7.53,2.3,78,24.8
28.15,64.94,97.9,53,96.9
17.33,24.05,37.7,62,51.6
0.01,50.4,71.9,38,64.7
50.9,65.65,88.8,49,100.0
10.34,21.63,39.5,47,35.2
6.09,17.1,31.9,73,40.1
6.48,34.46,60.9,48,57.1
47.75,40.8,58.1,64,67.5
29.86,24.17,40.9,47,59.9
33.93,40.59,60.2,50,80.0
50.26,68.12,93.5,52,100.0
5.36,30.17,46.8,70,46.8
44.22,14.7,19.7,32,43.0
6.33,25.21,37.7,39,32.4
39.73,30.28,39.4,32,60.5
20.29,11.08,13.1,42,31.1
16.1,8.63,16.3,45,24.4
52.29,47.24,68.5,36,86.9
8.59,27.94,33.9,46,25.5
52.17,68.42,95.5,31,100.0
18.4,11.46,24.4,43,31.8
31.16,9.55,9.9,69,35.8
47.72,48.41,75.4,60,83.3
0.0,67.32,88.1,57,72.2
45.79,23.56,27.8,43,52.9
29.57,15.31,20.2,37,39.5
42.62,13.63,18.6,41,49.4
7.8,35.7,52.2,54,63.5
17.33,35.5,46.8,65,60.8
33.3,16.68,25.9,66,55.6
33.77,4.1,4.5,63,42.8
11.21,37.19,48.1,46,55.4
8.96,64.91,95.9,55,86.7
45.08,43.21,65.3,51,90.4
0.0,29.91,49.6,53,54.4
30.03,3.49,11.1,79,41.8
48.58,10.36,25.2,34,43.4
0.74,23.55,29.5,52,26.3
0.56,60.77,76.5,70,67.2
29.11,67.07,87.7,37,95.5
3.04,56.61,90.2,47,78.4
27.86,71.82,98.5,49,100.0
35.78,74.45,98.2,52,100.0
24.55,64.88,95.3,36,100.0
21.12,5.43,7.2,62,36.2
30.13,1.61,13.8,63,30.4
36.29,22.38,30.4,61,56.8
3.52,34.45,55.3,45,48.1
23.79,7.59,9.7,56,18.9
45.76,52.96,84.6,44,95.5
40.0,45.34,61.7,51,87.1
24.85,42.06,54.2,81,70.2
18.33,8.44,16.5,56,46.7
4.36,13.18,25.3,41,31.2
8.13,2.6,16.0,57,43.8
0.0,58.57,85.2,39,73.5
44.48,38.57,58.4,41,77.0
6.01,45.25,73.5,43,58.2
42.35,22.53,29.6,50,62.7
3.94,24.19,37.1,66,37.6
15.46,24.04,40.5,62,45.0
15.71,50.98,76.0,61,85.2
17.41,58.35,77.2,42,84.3
37.96,16.89,20.7,49,53.7
53.51,65.39,94.2,58,100.0
45.06,10.92,12.1,47,42.7
12.62,58.08,89.6,52,83.4
35.81,7.16,10.0,60,43.2
7.62,19.11,26.5,51,44.5
41.74,57.37,84.6,58,99.3
24.24,14.31,17.9,74,52.5
15.77,25.83,41.4,53,55.8
4.95,33.53,45.0,69,46.2
0.0,19.38,24.5,62,34.9
6.74,38.05,71.0,37,77.2
36.34,64.35,85.1,42,100.0
35.64,49.03,87.5,45,100.0
51.0,21.29,33.9,45,62.7
0.0,41.26,53.1,54,48.2
24.14,16.12,24.8,62,46.7
20.02,11.27,24.5,70,52.6
24.6,6.91,16.1,59,39.0
17.31,69.91,94.0,50,92.7
16.74,54.47,88.8,30,83.7
31.34,58.93,77.7,56,83.3
3.08,36.02,51.8,55,49.4
22.53,29.57,49.1,57,60.4
26.07,34.75,53.0,80,78.6
16.19,33.49,53.7,70,59.0
40.15,33.88,43.5,64,66.0
21.09,12.15,13.2,43,24.3
36.81,1.92,12.6,49,44.1
26.71,65.04,95.2,54,100.0
40.91,30.29,48.2,46,79.1
45.5,71.9,95.3,61,100.0
41.85,6.05,16.4,59,49.7
25.4,45.23,55.4,42,63.2
4.96,14.41,20.8,69,33.4
4.0,13.08,25.3,56,33.5
29.05,0.0,3.0,34,26.6
0.71,5.12,11.9,54,20.2
12.95,59.08,91.7,58,89.4
4.62,22.89,32.2,67,35.8
28.74,37.66,60.8,51,69.3
6.75,23.83,46.5,65,61.5
26.11,26.51,40.0,57,73.6
42.21,30.02,53.2,39,63.1
41.14,10.1,18.7,38,36.2
19.03,65.57,98.9,68,89.3
30.61,53.8,81.8,69,88.9
22.46,59.92,74.2,59,84.6
17.91,33.04,46.9,73,60.9
29.73,11.68,15.3,68,40.3
6.28,57.34,92.1,63,87.0
51.98,21.28,34.1,44,58.3
6.31,4.37,5.0,76,17.6
45.86,19.87,34.2,61,61.4
31.29,59.24,79.4,50,75.2
13.08,38.78,62.3,47,55.0
42.08,51.41,75.1,58,81.9
6.1,53.21,79.4,35,76.2
38.99,15.49,21.2,63,49.9
35.42,62.1,92.4,44,100.0
6.0,29.58,43.8,59,33.7
2.76,43.79,63.9,49,48.4
34.19,0.0,0.2,52,33.3
17.46,71.48,99.3,46,73.7
49.41,20.62,28.1,53,66.6
