time,concentration
0.0,104.082
0.5,83.138
1.0,78.716
1.5,67.593
2.0,59.748
2.5,53.095
3.0,43.197
3.5,41.222
4.0,35.058
4.5,39.111
5.0,29.102
5.5,24.579
6.0,21.750
6.5,18.355
7.0,15.267
7.5,14.554
8.0,14.497
8.5,11.466
9.0,12.455
9.5,8.902
10.0,8.257
10.5,10.336
11.0,7.483
11.5,4.631
12.0,4.613
12.5,5.475
13.0,7.748
13.5,2.883
14.0,2.533
14.5,4.670
15.0,0.579
15.5,1.492
16.0,3.597
16.5,2.777
17.0,1.609
17.5,2.599
18.0,-4.545
18.5,3.023
19.0,-1.054
19.5,-2.574
