volume_base,pH
0.0,1.000
1.0,1.017
2.0,1.035
3.0,1.052
4.0,1.070
5.0,1.087
6.0,1.105
7.0,1.122
8.0,1.140
9.0,1.158
10.0,1.176
11.0,1.194
12.0,1.213
13.0,1.231
14.0,1.250
15.0,1.269
16.0,1.288
17.0,1.308
18.0,1.327
19.0,1.347
20.0,1.368
21.0,1.389
22.0,1.410
23.0,1.432
24.0,1.454
25.0,1.477
26.0,1.501
27.0,1.525
28.0,1.550
29.0,1.575
30.0,1.602
31.0,1.630
32.0,1.659
33.0,1.689
34.0,1.720
35.0,1.753
36.0,1.788
37.0,1.826
38.0,1.865
39.0,1.908
40.0,1.954
41.0,2.005
42.0,2.061
43.0,2.123
44.0,2.195
45.0,2.279
46.0,2.380
47.0,2.510
48.0,2.690
49.0,2.996
50.0,7.000
51.0,10.996
52.0,11.292
53.0,11.464
54.0,11.585
55.0,11.678
56.0,11.753
57.0,11.816
58.0,11.870
59.0,11.917
60.0,11.959
61.0,11.996
62.0,12.030
63.0,12.061
64.0,12.089
65.0,12.115
66.0,12.140
67.0,12.162
68.0,12.183
69.0,12.203
70.0,12.222
71.0,12.239
72.0,12.256
73.0,12.272
74.0,12.287
75.0,12.301
76.0,12.315
77.0,12.328
78.0,12.340
79.0,12.352
80.0,12.363
81.0,12.374
82.0,12.385
83.0,12.395
84.0,12.404
85.0,12.414
86.0,12.423
87.0,12.431
88.0,12.440
89.0,12.448
90.0,12.456
91.0,12.464
92.0,12.471
93.0,12.478
94.0,12.485
95.0,12.492
96.0,12.498
97.0,12.505
98.0,12.511
99.0,12.517
100.0,12.523
